<?xml version="1.0" encoding="UTF-8" standalone="no"?>
<registration_data version="1.0">
   <environment>
      <hostname>hkim-w7</hostname>
      <hostId/>
      <osName>Windows 7</osName>
      <osVersion>6.1</osVersion>
      <osArchitecture>amd64</osArchitecture>
      <systemModel>HP Compaq 8100 Elite SFF PC</systemModel>
      <systemManufacturer>Hewlett-Packard</systemManufacturer>
      <cpuManufacturer>GenuineIntel</cpuManufacturer>
      <serialNumber>2UA0280K9Z</serialNumber>
   </environment>
   <registry urn="urn:st:6c2747ca-c1aa-4f17-b7b0-40392d62060b" version="1.0">
      <service_tag>
         <instance_urn>urn:st:bee330c7-7bf0-435d-922b-bc468663cd9c</instance_urn>
         <product_name>Java SE 6 Development Kit</product_name>
         <product_version>1.6.0_23</product_version>
         <product_urn>urn:uuid:b58ef9a8-5ae8-11db-a023-080020a9ed93</product_urn>
         <product_parent_urn>urn:uuid:fdc90b21-018d-4cab-b866-612c7c119ed3</product_parent_urn>
         <product_parent>Java Platform Standard Edition 6 (Java SE 6)</product_parent>
         <product_defined_inst_id>id=1.6.0_23-b05 amd64,dir=C:\Program Files\Java\jdk1.6.0_23\jre</product_defined_inst_id>
         <product_vendor>Sun Microsystems</product_vendor>
         <platform_arch>amd64</platform_arch>
         <timestamp>2011-01-12 18:41:19 GMT</timestamp>
         <container>global</container>
         <source>Windows JDK i586 installer</source>
         <installer_uid>-1</installer_uid>
      </service_tag>
   </registry>
</registration_data>
